{"cameraMode":{"drawMode":0,"name":"Shaded","section":"Shading Mode"},"sceneLighting":false,"audioPlay":false,"sceneViewState":{"showFog":true,"showMaterialUpdate":false,"showSkybox":false,"showFlares":true,"showImageEffects":true,"showParticleSystems":true},"in2DMode":false,"pivot":{"x":-2.4719901084899904,"y":0.6672525405883789,"z":-16.656064987182618},"rotation":{"x":0.32455387711524966,"y":-0.6352019309997559,"z":0.3348432183265686,"w":0.6156812906265259},"size":12.216262817382813,"orthographic":false}