{"cameraMode":{"drawMode":0,"name":"Shaded","section":"Shading Mode"},"sceneLighting":false,"audioPlay":false,"sceneViewState":{"showFog":true,"showMaterialUpdate":false,"showSkybox":false,"showFlares":true,"showImageEffects":true,"showParticleSystems":true},"in2DMode":false,"pivot":{"x":10.0,"y":2.667015790939331,"z":1.3451740741729737},"rotation":{"x":0.24991726875305177,"y":0.08092399686574936,"z":-0.02096562646329403,"w":0.9646518230438232},"size":16.41634750366211,"orthographic":false}