{"cameraMode":{"drawMode":0,"name":"Shaded","section":"Shading Mode"},"sceneLighting":false,"audioPlay":false,"sceneViewState":{"showFog":true,"showMaterialUpdate":false,"showSkybox":false,"showFlares":true,"showImageEffects":true,"showParticleSystems":true},"in2DMode":false,"pivot":{"x":0.4914136230945587,"y":2.075007438659668,"z":-27.662033081054689},"rotation":{"x":-0.18424680829048158,"y":0.030955063179135324,"z":-0.005805722903460264,"w":-0.9823753237724304},"size":5.732745170593262,"orthographic":false}