{"cameraMode":{"drawMode":0,"name":"Shaded","section":"Shading Mode"},"sceneLighting":false,"audioPlay":false,"sceneViewState":{"showFog":true,"showMaterialUpdate":false,"showSkybox":false,"showFlares":true,"showImageEffects":true,"showParticleSystems":true},"in2DMode":false,"pivot":{"x":-8.165173530578614,"y":-7.120389938354492,"z":38.20759963989258},"rotation":{"x":-0.4288058876991272,"y":0.45458415150642397,"z":-0.26551294326782229,"w":-0.7341582179069519},"size":27.464298248291017,"orthographic":false}