{"cameraMode":{"drawMode":0,"name":"Shaded","section":"Shading Mode"},"sceneLighting":false,"audioPlay":false,"sceneViewState":{"showFog":true,"showMaterialUpdate":false,"showSkybox":false,"showFlares":true,"showImageEffects":true,"showParticleSystems":true},"in2DMode":false,"pivot":{"x":0.16629275679588319,"y":2.43914532661438,"z":-28.31171417236328},"rotation":{"x":-0.1738319993019104,"y":0.04429849982261658,"z":-0.007827757857739926,"w":-0.9837473034858704},"size":6.33274507522583,"orthographic":false}