{"cameraMode":{"drawMode":0,"name":"Shaded","section":"Shading Mode"},"sceneLighting":false,"audioPlay":false,"sceneViewState":{"showFog":true,"showMaterialUpdate":false,"showSkybox":false,"showFlares":true,"showImageEffects":true,"showParticleSystems":true},"in2DMode":false,"pivot":{"x":-3.833230972290039,"y":5.54486608505249,"z":-25.825288772583009},"rotation":{"x":-0.1739935427904129,"y":0.013294355012476445,"z":-0.0023488570004701616,"w":-0.9846543073654175},"size":-11.76378059387207,"orthographic":false}