{"cameraMode":{"drawMode":0,"name":"Shaded","section":"Shading Mode"},"sceneLighting":false,"audioPlay":false,"sceneViewState":{"showFog":true,"showMaterialUpdate":false,"showSkybox":false,"showFlares":true,"showImageEffects":true,"showParticleSystems":true},"in2DMode":false,"pivot":{"x":-10.5,"y":2.667015790939331,"z":-8.781563758850098},"rotation":{"x":0.39578890800476076,"y":0.06465928256511688,"z":-0.02794928476214409,"w":0.9156359434127808},"size":16.244836807250978,"orthographic":false}