{"cameraMode":{"drawMode":0,"name":"Shaded","section":"Shading Mode"},"sceneLighting":false,"audioPlay":false,"sceneViewState":{"showFog":true,"showMaterialUpdate":false,"showSkybox":false,"showFlares":true,"showImageEffects":true,"showParticleSystems":true},"in2DMode":false,"pivot":{"x":-3.3567028045654299,"y":6.5608673095703129,"z":-17.109262466430665},"rotation":{"x":0.14793917536735536,"y":0.014833730645477772,"z":-0.0022193004842847587,"w":0.9888827204704285},"size":2.3848342895507814,"orthographic":false}